{
  "timestamp": "2026-04-23T12:24:58Z",
  "buses": {
    "Bus_001": 1.0,
    "Bus_002": 1.0,
    "Bus_003": 1.0,
    "Bus_004": 1.0,
    "Bus_005": 0.7400000000000002,
    "Bus_006": 1.0,
    "Bus_007": 1.0,
    "Bus_008": 1.0,
    "Bus_009": 1.0,
    "Bus_010": 1.0,
    "Bus_011": 1.0,
    "Bus_012": 1.0,
    "Bus_013": 1.0,
    "Bus_014": 1.0,
    "Bus_015": 0.8200000000000003,
    "Bus_016": 1.0,
    "Bus_017": 1.0,
    "Bus_018": 1.0,
    "Bus_019": 1.0,
    "Bus_020": 1.0,
    "Bus_021": 1.0,
    "Bus_022": 1.0,
    "Bus_023": 0.9400000000000002,
    "Bus_024": 1.0,
    "Bus_025": 1.0,
    "Bus_026": 0.8200000000000003,
    "Bus_027": 1.0,
    "Bus_028": 1.0,
    "Bus_029": 1.0,
    "Bus_030": 1.0,
    "Bus_031": 1.0,
    "Bus_032": 0.0,
    "Bus_033": 1.0,
    "Bus_034": 1.0,
    "Bus_035": 0.0,
    "Bus_036": 1.0,
    "Bus_037": 0.0,
    "Bus_038": 1.0,
    "Bus_039": 1.0,
    "Bus_040": 1.0,
    "Bus_041": 1.0,
    "Bus_042": 0.8200000000000003,
    "Bus_043": 1.0,
    "Bus_044": 0.0,
    "Bus_045": 1.0,
    "Bus_046": 1.0,
    "Bus_047": 0.5600000000000002,
    "Bus_048": 0.7400000000000002,
    "Bus_049": 0.8200000000000003,
    "Bus_050": 1.0,
    "Bus_051": 1.0,
    "Bus_052": 1.0,
    "Bus_053": 1.0,
    "Bus_054": 0.0,
    "Bus_055": 1.0,
    "Bus_056": 1.0,
    "Bus_057": 1.0,
    "Bus_058": 0.9400000000000002,
    "Bus_059": 1.0,
    "Bus_060": 1.0,
    "Bus_061": 0.9400000000000002,
    "Bus_062": 1.0,
    "Bus_063": 1.0,
    "Bus_064": 1.0,
    "Bus_065": 0.0,
    "Bus_066": 1.0,
    "Bus_067": 1.0,
    "Bus_068": 1.0,
    "Bus_069": 0.0,
    "Bus_070": 0.8200000000000003,
    "Bus_071": 1.0,
    "Bus_072": 1.0,
    "Bus_073": 1.0,
    "Bus_074": 0.8200000000000003,
    "Bus_075": 1.0,
    "Bus_076": 0.0,
    "Bus_077": 1.0,
    "Bus_078": 0.7400000000000002,
    "Bus_079": 0.9400000000000002,
    "Bus_080": 1.0,
    "Bus_081": 1.0,
    "Bus_082": 1.0,
    "Bus_083": 1.0,
    "Bus_084": 0.8200000000000003,
    "Bus_085": 1.0,
    "Bus_086": 1.0,
    "Bus_087": 1.0,
    "Bus_088": 0.9400000000000002,
    "Bus_089": 1.0,
    "Bus_090": 1.0,
    "Bus_091": 0.0,
    "Bus_092": 1.0,
    "Bus_093": 1.0,
    "Bus_094": 1.0,
    "Bus_095": 0.0,
    "Bus_096": 1.0,
    "Bus_097": 1.0,
    "Bus_098": 0.8200000000000003,
    "Bus_099": 1.0,
    "Bus_100": 1.0
  },
  "flagged": []
}